method	test	model	dataset	evaluation_measure	context	encoding_level	p_value	effect_size
CEAT	c1_name	bert	full	probability	reddit		0.010573966153409798	0.040974892143537785
CEAT	c3_name	bert	full	probability	reddit		nan	nan
CEAT	c6_name	bert	full	probability	reddit		nan	nan
CEAT	c9_term	bert	full	probability	reddit		1.7623955145601212e-96	0.17508226313998054
CEAT	dis_term	bert	full	probability	reddit		6.531640014865619e-06	0.05898260309375084
CEAT	occ_name	bert	full	probability	reddit		nan	nan
CEAT	i1_name	bert	full	probability	reddit		nan	nan
CEAT	i2_name	bert	full	probability	reddit		nan	nan
CEAT	c1_name	bert	reduced	probability	reddit		8.586293497489898e-15	0.08991352079808401
CEAT	c3_name	bert	reduced	probability	reddit		nan	nan
CEAT	c9_name	bert	reduced	probability	reddit		8.012142069718448e-61	0.10847667036046627
CEAT	c9_name_m	bert	reduced	probability	reddit		2.4816701112087037e-261	0.2265918856455486
CEAT	c9_term	bert	reduced	probability	reddit		6.12407547781745e-149	0.19623191467267223
CEAT	occ_name	bert	reduced	probability	reddit		nan	nan
